window,rows,draws,score,score_per_draw,third_or_better,core5_4plus,max_core5,max_main,near_third_draws,fourth_count,fifth_count
80,400,80,38.5,0.48125,0,0,2,3,0,0,5
120,600,120,47.5,0.395833,0,0,2,3,0,0,11
180,900,180,55.0,0.305556,0,0,2,3,0,0,16
240,1200,240,73.5,0.30625,0,0,3,3,0,0,23
360,1800,360,85.5,0.2375,0,0,3,3,0,0,31
520,2600,520,152.5,0.293269,0,0,3,4,0,2,59
0,10485,2097,966.5,0.460897,1,10,4,5,2,16,253
